GEOID,food_insecurity_rate,food_insecure_count
47015960100,15.91883762362731,686
47015960201,20.37563762362731,511
47015960202,14.613437623627313,634
47015960300,18.03383762362731,632
47021070102,11.293015597590363,494
47021070103,19.038315597590362,726
47021070104,16.124215597590364,945
47021070201,7.469015597590362,369
47021070202,12.628415597590362,697
47021070203,9.50941559759036,367
47021070300,18.69881559759036,732
47021070401,11.406315597590362,308
47021070402,9.059815597590362,589
47037010103,9.749238799127994,238
47037010104,11.146638799127992,310
47037010105,14.910038799127992,780
47037010106,6.890538799127992,183
47037010201,10.595238799127992,465
47037010202,10.24933879912799,419
47037010301,21.126438799127992,934
47037010302,19.588538799127992,381
47037010303,17.46463879912799,856
47037010401,21.734538799127996,1088
47037010403,33.43833879912799,1458
47037010404,17.359738799127992,477
47037010501,16.08123879912799,928
47037010502,9.555638799127992,467
47037010601,15.659238799127992,829
47037010602,15.154538799127993,551
47037010701,16.96703879912799,702
47037010702,27.17323879912799,1003
47037010801,15.653438799127992,785
47037010802,23.841238799127993,824
47037010901,15.61113879912799,556
47037010903,26.224538799127995,1880
47037010904,24.56733879912799,697
47037011001,19.243238799127994,1386
47037011002,14.804838799127992,390
47037011100,10.43173879912799,434
47037011200,12.605638799127991,567
47037011300,13.836338799127992,812
47037011400,12.042238799127993,655
47037011500,8.925738799127993,320
47037011600,6.086738799127993,298
47037011700,11.019538799127993,675
47037011800,15.858638799127991,429
47037011900,22.31063879912799,676
47037012100,5.014538799127992,148
47037012200,6.953538799127991,151
47037012600,15.810838799127994,266
47037012701,24.936138799127995,1510
47037012702,21.72953879912799,640
47037012801,24.39163879912799,1332
47037012802,16.615338799127993,621
47037013001,11.635438799127993,57
47037013100,6.783238799127991,147
47037013201,18.853438799127993,533
47037013202,8.846638799127993,310
47037013300,12.387338799127988,667
47037013400,4.008838799127991,182
47037013500,8.226038799127991,186
47037013600,21.74673879912799,1209
47037013701,22.746238799127994,740
47037013702,24.40443879912799,883
47037013800,27.890238799127992,504
47037013900,17.75403879912799,296
47037014200,38.917338799128,926
47037014300,19.56623879912799,317
47037014400,23.658138799127993,674
47037014800,61.29663879912799,937
47037015100,15.396238799127993,604
47037015200,16.749738799127993,389
47037015300,8.293938799127993,498
47037015401,10.736838799127993,657
47037015402,12.09863879912799,609
47037015404,19.565738799127992,499
47037015405,17.867138799127993,788
47037015501,15.497538799127991,580
47037015502,18.272038799127994,761
47037015609,15.04453879912799,678
47037015613,19.15603879912799,961
47037015614,23.976738799127993,974
47037015615,22.161438799127993,1432
47037015617,7.081738799127992,186
47037015618,15.788438799127992,1135
47037015619,14.937238799127991,816
47037015620,18.33263879912799,1286
47037015622,3.377338799127991,117
47037015623,16.925938799127994,983
47037015624,14.717438799127994,659
47037015625,11.250838799127994,665
47037015626,20.89423879912799,1448
47037015627,16.775938799127992,690
47037015628,21.826138799127992,1004
47037015629,17.03953879912799,1042
47037015630,13.07993879912799,766
47037015632,25.546938799127993,941
47037015633,3.2199387991279913,146
47037015634,15.076038799127991,1978
47037015635,8.33303879912799,265
47037015636,9.704838799127993,356
47037015637,19.606238799127993,672
47037015700,10.636138799127991,173
47037015804,27.251238799127993,1423
47037015805,17.61693879912799,526
47037015806,23.58753879912799,1293
47037015900,35.028838799127996,1019
47037016000,35.365738799127996,831
47037016100,17.842838799127993,391
47037016200,28.75813879912799,1049
47037016300,15.212138799127992,430
47037016400,23.522638799127993,1037
47037016500,25.302138799127995,1120
47037016600,23.694338799127994,783
47037016700,8.438538799127992,459
47037016800,12.748138799127991,513
47037016900,4.180638799127992,195
47037017000,8.910138799127992,374
47037017100,12.937438799127992,495
47037017200,11.825838799127993,200
47037017300,21.00023879912799,714
47037017401,19.62163879912799,406
47037017402,22.58093879912799,1268
47037017500,18.159838799127993,534
47037017701,0.0,0
47037017702,1.279538799127991,69
47037017800,7.320338799127993,426
47037017901,11.641438799127993,632
47037017902,4.01493879912799,205
47037018000,6.068838799127992,302
47037018101,24.42633879912799,1104
47037018102,7.46513879912799,279
47037018201,1.7597387991279911,64
47037018203,0.0,0
47037018204,25.68563879912799,838
47037018205,10.73663879912799,365
47037018302,7.895738799127991,229
47037018303,15.689138799127992,688
47037018304,0.6944387991279888,31
47037018404,12.93243879912799,572
47037018405,9.200638799127992,438
47037018407,1.979038799127994,116
47037018408,2.4799387991279924,82
47037018409,10.681438799127992,507
47037018410,15.093238799127992,477
47037018411,18.106638799127992,455
47037018412,15.276138799127992,646
47037018500,0.0,0
47037018601,0.0,0
47037018602,0.0,0
47037018700,0.0,0
47037018801,6.584738799127991,326
47037018803,9.754838799127992,394
47037018804,4.106738799127991,210
47037018901,21.486038799127993,649
47037018902,13.63733879912799,325
47037018904,18.468038799127992,583
47037018905,23.71853879912799,801
47037019003,22.083638799127993,869
47037019004,22.412538799127994,1047
47037019007,14.743438799127992,389
47037019008,17.096038799127992,958
47037019105,25.626438799127992,1643
47037019106,14.108438799127992,536
47037019108,26.982738799127993,1039
47037019109,14.946238799127991,826
47037019110,13.066438799127992,479
47037019111,16.59393879912799,939
47037019112,8.091038799127992,436
47037019115,2.812238799127992,95
47037019116,12.579338799127992,1013
47037019117,4.743838799127991,263
47037019118,19.383838799127993,973
47037019119,6.7141387991279915,549
47037019120,11.83673879912799,453
47037019121,4.49923879912799,156
47037019200,13.737638799127991,557
47037019300,40.248138799127986,1731
47037019401,17.152238799127993,580
47037019402,10.98473879912799,500
47037019501,20.129738799127992,671
47037019502,15.818138799127993,665
47037019503,9.003338799127992,376
47037019600,13.73693879912799,510
47043060100,18.47267720165951,740
47043060201,13.68707720165951,470
47043060202,12.378977201659511,441
47043060300,14.078877201659509,1131
47043060401,7.912477201659511,264
47043060402,8.52707720165951,603
47043060501,15.913577201659512,1015
47043060502,16.58387720165951,555
47043060601,19.373777201659507,807
47043060602,14.17427720165951,1033
47043060700,14.600777201659513,669
47081950100,13.047138384398908,734
47081950201,16.762538384398905,648
47081950202,14.520238384398906,571
47081950301,14.488138384398908,399
47081950302,19.521838384398905,871
47081950400,16.671238384398908,358
47081950500,20.717838384398906,506
47111970100,26.145782142441753,1349
47111970200,8.776882142441748,580
47111970301,20.04298214244175,960
47111970302,10.98648214244175,520
47111970400,17.66428214244175,795
47119010100,12.997105234848123,419
47119010201,7.568105234848123,686
47119010203,6.436705234848122,366
47119010204,11.534405234848125,1223
47119010205,9.620205234848122,159
47119010301,7.436305234848123,631
47119010302,6.883905234848125,238
47119010401,16.440605234848125,733
47119010402,22.828005234848124,616
47119010500,25.144505234848125,1264
47119010600,19.92100523484812,1104
47119010700,20.942105234848125,1142
47119010801,7.6220052348481255,274
47119010802,15.395805234848122,1227
47119010900,16.850605234848125,547
47119011001,14.315705234848124,435
47119011003,8.101805234848122,249
47119011004,20.606005234848123,868
47119011101,9.067005234848125,471
47119011102,12.265205234848123,454
47119011200,11.512305234848125,632
47147080101,9.412975108694187,452
47147080103,12.205275108694188,939
47147080104,11.77457510869419,943
47147080200,11.30367510869419,691
47147080301,23.23047510869419,726
47147080302,24.20767510869419,794
47147080401,20.09697510869419,1101
47147080402,19.276975108694188,1022
47147080500,10.29907510869419,511
47147080603,12.57017510869419,623
47147080604,10.83537510869419,440
47147080605,10.020575108694189,314
47147080606,11.969075108694188,690
47147080701,8.19017510869419,290
47147080702,4.81467510869419,196
47149040101,12.232851899866146,572
47149040102,9.329651899866148,417
47149040104,17.489051899866148,976
47149040105,13.94035189986615,642
47149040106,14.870751899866146,743
47149040107,13.549451899866147,595
47149040200,13.328751899866148,633
47149040303,18.374951899866147,507
47149040304,14.790251899866147,591
47149040305,24.396151899866148,656
47149040307,4.28595189986615,133
47149040308,14.688951899866149,1094
47149040309,9.73825189986615,558
47149040310,13.157251899866148,503
47149040311,17.66085189986615,639
47149040312,21.77175189986615,535
47149040404,14.657651899866151,469
47149040405,22.93515189986615,1099
47149040501,7.51605189986615,744
47149040502,9.198151899866149,739
47149040600,15.979551899866149,895
47149040702,7.99935189986615,626
47149040703,4.7478518998661485,425
47149040704,6.101451899866149,319
47149040806,7.832151899866148,760
47149040807,7.037451899866149,506
47149040808,4.458851899866147,567
47149040809,9.593851899866149,438
47149040810,8.430651899866149,268
47149040811,5.079651899866149,327
47149040812,11.516651899866147,413
47149040901,22.700251899866146,1374
47149040904,9.517551899866149,601
47149040906,12.362051899866149,1012
47149040907,9.80135189986615,1107
47149040908,12.961751899866147,1116
47149040909,8.976851899866148,584
47149040910,18.268351899866147,1296
47149040911,3.6501518998661484,252
47149041000,8.10745189986615,699
47149041102,11.541851899866149,417
47149041103,8.181451899866149,368
47149041104,5.962551899866149,271
47149041201,5.095251899866147,339
47149041202,10.368051899866149,521
47149041301,5.065051899866145,323
47149041302,9.476551899866148,509
47149041401,15.76415189986615,890
47149041404,23.92115189986615,935
47149041405,19.458451899866148,545
47149041406,20.987751899866147,1071
47149041407,16.798651899866147,744
47149041601,25.972151899866148,810
47149041602,25.932351899866145,687
47149041700,19.56875189986615,1136
47149041800,20.30845189986615,964
47149041900,26.74575189986615,1090
47149042000,21.000451899866153,1064
47149042101,24.16805189986615,1436
47149042102,22.887251899866147,1023
47149042200,18.14145189986615,956
47149042301,17.83815189986615,960
47149042302,9.80575189986615,472
47159975000,11.199461685482275,428
47159975100,13.961961685482272,421
47159975200,20.197661685482274,1254
47159975300,18.255761685482273,414
47159975400,13.387661685482275,653
47165020101,18.776151537000196,694
47165020102,17.830651537000193,947
47165020203,13.451451537000194,335
47165020204,7.236551537000198,297
47165020205,11.087951537000198,359
47165020206,11.104051537000196,186
47165020207,16.093851537000198,274
47165020208,15.198151537000198,381
47165020209,10.877951537000197,261
47165020300,25.509351537000192,1368
47165020403,10.014151537000195,208
47165020404,10.146151537000197,211
47165020405,13.896951537000197,323
47165020406,3.8325515370001977,140
47165020407,8.758851537000197,422
47165020501,13.477351537000196,1250
47165020502,2.2382515370001963,145
47165020503,16.275451537000198,470
47165020601,10.753651537000195,438
47165020602,12.066551537000196,585
47165020603,10.960951537000197,335
47165020700,23.116551537000195,1513
47165020800,27.83085153700019,2467
47165020901,14.737951537000196,284
47165020903,9.853551537000197,433
47165020904,16.930051537000196,644
47165020905,15.514251537000195,696
47165021002,6.758651537000196,535
47165021004,15.301151537000196,634
47165021005,9.413651537000195,514
47165021006,7.436151537000196,331
47165021007,1.1484515370001989,54
47165021008,4.986851537000195,365
47165021009,18.587451537000195,1094
47165021103,10.691251537000197,669
47165021104,11.062451537000195,195
47165021105,15.658051537000194,1078
47165021106,15.101851537000197,597
47165021107,18.576051537000197,1187
47165021201,3.975651537000195,296
47165021203,8.456651537000196,738
47165021204,11.956451537000195,912
47165021205,11.461651537000197,405
47169090100,11.710711944091488,1036
47169090200,17.260811944091486,510
47187050102,6.803204380442167,537
47187050103,11.157904380442169,885
47187050104,5.715204380442169,293
47187050105,3.406504380442167,361
47187050204,2.6548043804421675,159
47187050205,6.309104380442168,210
47187050206,2.6959043804421685,95
47187050207,0.0,0
47187050209,0.0,0
47187050210,4.073204380442168,109
47187050211,17.624204380442166,1250
47187050212,0.8528043804421681,19
47187050303,0.0,0
47187050304,17.957104380442168,446
47187050305,0.0,0
47187050306,7.956104380442168,173
47187050307,17.835504380442167,711
47187050403,8.067204380442169,152
47187050404,0.8177043804421678,55
47187050405,0.8433043804421683,29
47187050406,5.594604380442168,318
47187050502,17.960104380442164,711
47187050503,14.736204380442167,926
47187050504,21.338104380442168,992
47187050601,15.914004380442165,950
47187050603,17.278604380442168,572
47187050604,10.81500438044217,1109
47187050701,12.018904380442168,482
47187050702,11.420304380442168,565
47187050801,27.65380438044217,1461
47187050802,13.879004380442167,165
47187050904,13.506104380442169,761
47187050905,14.068704380442165,870
47187050906,9.727104380442167,576
47187050907,14.44120438044217,698
47187050908,8.542704380442169,378
47187050909,9.696504380442168,459
47187051001,7.0855043804421705,624
47187051002,7.5513043804421685,889
47187051100,8.584404380442168,849
47187051203,11.432204380442169,362
47187051204,11.161304380442168,821
47187051205,8.979804380442168,835
47187051206,17.955504380442168,1442
47187051207,10.550504380442167,762
47187051208,6.258404380442167,698
47189030102,10.089218197503694,796
47189030103,8.467618197503693,242
47189030104,7.079918197503694,164
47189030105,10.987018197503694,424
47189030202,11.071718197503694,1055
47189030203,7.411918197503696,592
47189030205,8.546218197503693,161
47189030206,8.267218197503693,467
47189030207,6.171818197503693,151
47189030303,9.901518197503695,490
47189030304,11.376318197503695,775
47189030305,10.511218197503695,580
47189030308,6.392218197503693,333
47189030309,8.182118197503693,578
47189030310,6.387818197503694,461
47189030311,11.708118197503694,358
47189030401,16.298418197503693,417
47189030402,23.582118197503693,1108
47189030500,20.058818197503697,1790
47189030600,16.580518197503697,812
47189030700,33.6210181975037,1457
47189030800,18.552218197503695,1270
47189030904,13.337118197503695,561
47189030905,7.034918197503695,410
47189030906,7.949318197503693,456
47189030907,10.551618197503695,687
47189030908,9.728318197503695,855
47189031000,13.727118197503692,827
